{"month": "april", "acousticness": 0.3229979468527988, "danceability": 0.6194929557007989, "energy": 0.69716014643519, "instrumentalness": 0.006277542038036956, "liveness": 0.2897163196237022, "speechiness": 0.1071151852850424, "valence": 0.5959310883166531, "tempo": 0.4746519294774382}