{"month": "april", "week": "first_week", "acousticness": 0.32606918832224774, "danceability": 0.621463779956427, "energy": 0.6958542242232, "instrumentalness": 0.00595694218187545, "liveness": 0.29014274651522975, "speechiness": 0.10588691920553608, "valence": 0.5933809256686968, "tempo": 0.47345744474701423}