{"month": "april", "week": "third_week", "acousticness": 0.3205834316294882, "danceability": 0.6165095315904139, "energy": 0.6978465329649716, "instrumentalness": 0.006908291088462923, "liveness": 0.28959871364653245, "speechiness": 0.10760784578053384, "valence": 0.5962643578373757, "tempo": 0.47550711379004373}