{"month": "april", "week": "second_week", "acousticness": 0.3217568544452851, "danceability": 0.6203673747276688, "energy": 0.6968706299669156, "instrumentalness": 0.00593507816549676, "liveness": 0.29150449578385823, "speechiness": 0.10732615484856657, "valence": 0.5933462219966521, "tempo": 0.4727056382523024}