{"month": "april", "week": "fourth_week", "acousticness": 0.3237771017346327, "danceability": 0.6196771968046477, "energy": 0.6983722159691667, "instrumentalness": 0.00632062827573794, "liveness": 0.28692032352435043, "speechiness": 0.10781469997903, "valence": 0.6023334342462989, "tempo": 0.4776993850013769}