{"month": "august", "week": "second_week", "acousticness": 0.3289336942146078, "danceability": 0.6206740196078432, "energy": 0.6913484003547188, "instrumentalness": 0.006266035898128149, "liveness": 0.2928555756324213, "speechiness": 0.11674437741529615, "valence": 0.6168331730597998, "tempo": 0.48272765020550956}