{"month": "august", "week": "third_week", "acousticness": 0.32485561875358776, "danceability": 0.6198458605664489, "energy": 0.6907834936389372, "instrumentalness": 0.005822349217062635, "liveness": 0.29461192135604886, "speechiness": 0.11778772917228364, "valence": 0.617077701499448, "tempo": 0.48326409371844686}