{"month": "august", "week": "first_week", "acousticness": 0.3316533789366638, "danceability": 0.6186919934640523, "energy": 0.6865390190661346, "instrumentalness": 0.006272500692944565, "liveness": 0.29075563586301845, "speechiness": 0.11690861755190078, "valence": 0.610055962175446, "tempo": 0.4784176674417894}