{"month": "august", "week": "fourth_week", "acousticness": 0.32418738939418656, "danceability": 0.6203529411764706, "energy": 0.689298845702202, "instrumentalness": 0.005788046832253419, "liveness": 0.292506649949603, "speechiness": 0.11664728010373739, "valence": 0.6160953042398709, "tempo": 0.48183695178649744}