{"month": "august", "acousticness": 0.32751139551607034, "danceability": 0.6198763089465178, "energy": 0.6894986846578626, "instrumentalness": 0.0060452714287373135, "liveness": 0.29268811653093973, "speechiness": 0.1170340888336131, "valence": 0.6149807039856984, "tempo": 0.48155270817520796}