{"month": "december", "week": "third_week", "acousticness": 0.3105614607907372, "danceability": 0.6323415032679739, "energy": 0.6955313747058222, "instrumentalness": 0.007133618540766738, "liveness": 0.2749781233866805, "speechiness": 0.10783882953626316, "valence": 0.61213370819532, "tempo": 0.48231979545941317}