{"month": "december", "week": "fourth_week", "acousticness": 0.31427187144384283, "danceability": 0.6311657329598507, "energy": 0.7005865284822617, "instrumentalness": 0.007637629184665226, "liveness": 0.28623925068220374, "speechiness": 0.10780139044024188, "valence": 0.6206828034130631, "tempo": 0.4859844108557966}