{"month": "december", "acousticness": 0.3107049592039194, "danceability": 0.6326314568838288, "energy": 0.6920845119701086, "instrumentalness": 0.008356551942973594, "liveness": 0.2701636135027562, "speechiness": 0.10761511884778961, "valence": 0.6096196519479267, "tempo": 0.4805098556712427}