{"month": "december", "week": "first_week", "acousticness": 0.30810394121095447, "danceability": 0.6324946895424837, "energy": 0.6833578481530748, "instrumentalness": 0.010273642946814255, "liveness": 0.25577745869901913, "speechiness": 0.10753205884335401, "valence": 0.5976731955871354, "tempo": 0.47635458609980724}