{"month": "december", "week": "second_week", "acousticness": 0.31032842740013344, "danceability": 0.6343406862745098, "energy": 0.6899250486032948, "instrumentalness": 0.00829145175485961, "liveness": 0.2656690758905524, "speechiness": 0.1073114805203559, "valence": 0.6093717945293301, "tempo": 0.4780649496680231}