{"month": "february", "week": "first_week", "acousticness": 0.3174959870151033, "danceability": 0.6213188997821351, "energy": 0.6981886745796242, "instrumentalness": 0.006073675454463643, "liveness": 0.2757862028910687, "speechiness": 0.10633282218926937, "valence": 0.5924757808882716, "tempo": 0.4768914904792501}