{"month": "february", "week": "second_week", "acousticness": 0.3143963889221332, "danceability": 0.6223178104575164, "energy": 0.6998264777106995, "instrumentalness": 0.006394278343232542, "liveness": 0.2747996472207882, "speechiness": 0.10624398984452235, "valence": 0.5919596555899846, "tempo": 0.47662886158961326}