{"month": "february", "acousticness": 0.31693767644648807, "danceability": 0.6213147370059134, "energy": 0.6991448743623102, "instrumentalness": 0.0065898355343001125, "liveness": 0.2765649875851218, "speechiness": 0.1052510624093261, "valence": 0.5932546975409462, "tempo": 0.47784606566978893}