{"month": "february", "week": "third_week", "acousticness": 0.31665837107973294, "danceability": 0.6199033224400872, "energy": 0.6973969524881476, "instrumentalness": 0.006903469843412527, "liveness": 0.27476449836516953, "speechiness": 0.103705232767143, "valence": 0.5911557725184315, "tempo": 0.4786799967363258}