{"month": "february", "week": "fourth_week", "acousticness": 0.32146224109147775, "danceability": 0.6221230936819173, "energy": 0.7031899109792286, "instrumentalness": 0.007386001457883369, "liveness": 0.2852542161418, "speechiness": 0.10419334726341332, "valence": 0.601600464793247, "tempo": 0.48052176207814457}