{"month": "january", "acousticness": 0.30874128875171797, "danceability": 0.6209430037247874, "energy": 0.7042623851757476, "instrumentalness": 0.006668578024919296, "liveness": 0.27423716977256707, "speechiness": 0.10664966356175187, "valence": 0.597300763913064, "tempo": 0.47714440640114436}