{"month": "january", "week": "first_week", "acousticness": 0.3018492465341942, "danceability": 0.622957788671024, "energy": 0.7078698327023433, "instrumentalness": 0.00743354680075594, "liveness": 0.2770171872311134, "speechiness": 0.10667874314729936, "valence": 0.6028253330127863, "tempo": 0.48057522514253076}