{"month": "january", "week": "fourth_week", "acousticness": 0.31571561894870703, "danceability": 0.6190099595393713, "energy": 0.7008305194583717, "instrumentalness": 0.006369055507559396, "liveness": 0.2753390613860413, "speechiness": 0.10726957593498442, "valence": 0.5937813360198231, "tempo": 0.47758853080748254}