{"month": "january", "week": "second_week", "acousticness": 0.30781035637469584, "danceability": 0.6214114923747277, "energy": 0.7042338159555237, "instrumentalness": 0.0064555138791396694, "liveness": 0.27040586818103596, "speechiness": 0.10635821088343668, "valence": 0.5970195800833422, "tempo": 0.4758716713072035}