{"month": "january", "week": "third_week", "acousticness": 0.3104617244238983, "danceability": 0.6201511437908497, "energy": 0.7036863893720796, "instrumentalness": 0.006378755597552196, "liveness": 0.27432429874376185, "speechiness": 0.10636961332794105, "valence": 0.5951368780496492, "tempo": 0.4745977138981529}