{"month": "july", "week": "second_week", "acousticness": 0.3259113946796001, "danceability": 0.6227426470588235, "energy": 0.6881520942051229, "instrumentalness": 0.006417317006389488, "liveness": 0.2842368783341938, "speechiness": 0.11470620450256135, "valence": 0.6102115610642164, "tempo": 0.4781188869850789}