{"month": "july", "week": "third_week", "acousticness": 0.32767520676845513, "danceability": 0.6179093137254902, "energy": 0.68932944506975, "instrumentalness": 0.0065972780575054, "liveness": 0.29274748322147653, "speechiness": 0.11346547249932598, "valence": 0.6071699033016349, "tempo": 0.476652643066222}