{"month": "july", "acousticness": 0.3269293816735899, "danceability": 0.6212364185817697, "energy": 0.6892516577931959, "instrumentalness": 0.006329224476299961, "liveness": 0.2889176533937305, "speechiness": 0.1147354589388787, "valence": 0.6104887710868843, "tempo": 0.4769276415116997}