{"month": "july", "week": "first_week", "acousticness": 0.3261350611143454, "danceability": 0.6236255446623095, "energy": 0.687881365326239, "instrumentalness": 0.006087022147228222, "liveness": 0.2849656255377732, "speechiness": 0.11493223128426351, "valence": 0.6116449629590056, "tempo": 0.4751152727207824}