{"month": "july", "week": "fourth_week", "acousticness": 0.32814821876886896, "danceability": 0.6205869903516963, "energy": 0.6919854506828824, "instrumentalness": 0.006199003010901984, "liveness": 0.2944067654940138, "speechiness": 0.11599542297371902, "valence": 0.613277212156366, "tempo": 0.477951780669432}