{"month": "june", "week": "first_week", "acousticness": 0.33139613201231305, "danceability": 0.6207820403523728, "energy": 0.6905622856227673, "instrumentalness": 0.006402987947225091, "liveness": 0.28754995398532024, "speechiness": 0.10688861992568019, "valence": 0.6073225260967123, "tempo": 0.4738881109578308}