{"month": "june", "acousticness": 0.32744406688864786, "danceability": 0.6219886906073291, "energy": 0.6895299707862871, "instrumentalness": 0.006417602064576407, "liveness": 0.28691500814998294, "speechiness": 0.10892747977134272, "valence": 0.6077321715202935, "tempo": 0.4733527872614942}