{"month": "june", "week": "second_week", "acousticness": 0.326829575005629, "danceability": 0.6201209150326799, "energy": 0.6902034516866197, "instrumentalness": 0.00657047366810655, "liveness": 0.29078403028738603, "speechiness": 0.10622402152422038, "valence": 0.6070458471346655, "tempo": 0.47295852073963013}