{"month": "june", "week": "fourth_week", "acousticness": 0.32412679601077066, "danceability": 0.6239375453885259, "energy": 0.6865312027467967, "instrumentalness": 0.006305432283417326, "liveness": 0.28008733436585787, "speechiness": 0.11330479913723376, "valence": 0.6061202229582932, "tempo": 0.47319670266907365}