{"month": "june", "week": "third_week", "acousticness": 0.32675911618656217, "danceability": 0.6235511982570806, "energy": 0.6901162641972782, "instrumentalness": 0.0063628629927105825, "liveness": 0.2875582515918087, "speechiness": 0.11030185584614002, "valence": 0.6100200341916872, "tempo": 0.47335109868535125}