{"month": "march", "week": "third_week", "acousticness": 0.31681032358113764, "danceability": 0.6216111111111111, "energy": 0.6955368106006344, "instrumentalness": 0.006648048231641468, "liveness": 0.28501058337635515, "speechiness": 0.10710195358137864, "valence": 0.5988907513267088, "tempo": 0.4738527254230027}