{"month": "march", "week": "fourth_week", "acousticness": 0.3233666559834044, "danceability": 0.6172368502956739, "energy": 0.698938036280715, "instrumentalness": 0.00511791205389283, "liveness": 0.2939223148216437, "speechiness": 0.10451546431460157, "valence": 0.5964325401065438, "tempo": 0.47323045474347375}