{"month": "march", "week": "first_week", "acousticness": 0.3170076740306799, "danceability": 0.6217437363834423, "energy": 0.6984035523039668, "instrumentalness": 0.007543989988300936, "liveness": 0.28150311908449493, "speechiness": 0.10562744338096522, "valence": 0.6010273756099299, "tempo": 0.4760664463686523}