{"month": "march", "acousticness": 0.31877781511539394, "danceability": 0.619499613465458, "energy": 0.6968441690899548, "instrumentalness": 0.0065379632208133025, "liveness": 0.28529222109347685, "speechiness": 0.10502485961204512, "valence": 0.5983069542628738, "tempo": 0.4746377551842907}