{"month": "march", "week": "second_week", "acousticness": 0.31850021197485506, "danceability": 0.6171239106753813, "energy": 0.6947600105733484, "instrumentalness": 0.006664396213552915, "liveness": 0.28181162880743427, "speechiness": 0.10279090275905456, "valence": 0.596642848238772, "tempo": 0.4752254816469317}