{"month": "may", "week": "third_week", "acousticness": 0.32989458265633226, "danceability": 0.6174912854030502, "energy": 0.6940290426003616, "instrumentalness": 0.0067569627182325395, "liveness": 0.2970854414042334, "speechiness": 0.10520294104430664, "valence": 0.605017184884425, "tempo": 0.47661443767911965}