{"month": "may", "week": "second_week", "acousticness": 0.32570686176467206, "danceability": 0.6187562636165579, "energy": 0.690482217162932, "instrumentalness": 0.00720622796976242, "liveness": 0.28265459903631046, "speechiness": 0.10407061651837872, "valence": 0.6048651476297325, "tempo": 0.4757279485257372}