{"month": "may", "week": "first_week", "acousticness": 0.32666996503936235, "danceability": 0.6195876906318083, "energy": 0.6921769586275112, "instrumentalness": 0.007719365188534916, "liveness": 0.282134443297195, "speechiness": 0.10609019726790689, "valence": 0.6027422801581366, "tempo": 0.47741419596324286}