{"month": "may", "week": "fourth_week", "acousticness": 0.3394415399399382, "danceability": 0.6184953560371517, "energy": 0.690961672061049, "instrumentalness": 0.006950035222234851, "liveness": 0.2916078852267479, "speechiness": 0.10798165202707498, "valence": 0.610923512970909, "tempo": 0.47810692666556087}