{"month": "may", "acousticness": 0.3299330009440398, "danceability": 0.6185874452345042, "energy": 0.6919647144015301, "instrumentalness": 0.007169582530320651, "liveness": 0.2881927190001532, "speechiness": 0.10571847807086415, "valence": 0.6056103016547509, "tempo": 0.47690318218329725}