{"month": "november", "acousticness": 0.31172167919583427, "danceability": 0.6308408496732026, "energy": 0.6819849756130837, "instrumentalness": 0.009390849134269257, "liveness": 0.2627545603166409, "speechiness": 0.10192180057517751, "valence": 0.5971864515439683, "tempo": 0.47999788626095113}