{"month": "november", "week": "third_week", "acousticness": 0.31335563599556165, "danceability": 0.6305996732026145, "energy": 0.6824075258364882, "instrumentalness": 0.010357337813849891, "liveness": 0.26364452116675274, "speechiness": 0.10281827143434889, "valence": 0.5990644032482103, "tempo": 0.47951127879937583}