{"month": "november", "week": "second_week", "acousticness": 0.30844476856960584, "danceability": 0.6315588235294117, "energy": 0.6849403330604728, "instrumentalness": 0.008685307363660907, "liveness": 0.2662706504904492, "speechiness": 0.09925995045834458, "valence": 0.5986400790682765, "tempo": 0.48074652533427165}