{"month": "november", "week": "fourth_week", "acousticness": 0.3116392930046945, "danceability": 0.6314319172113291, "energy": 0.6797605648214469, "instrumentalness": 0.010178007347912165, "liveness": 0.25336667527103773, "speechiness": 0.11077109733081694, "valence": 0.5942265911600242, "tempo": 0.4785372390335444}