{"month": "november", "week": "first_week", "acousticness": 0.3134264226656903, "danceability": 0.629920751633987, "energy": 0.6802753760360176, "instrumentalness": 0.008539533565064794, "liveness": 0.2653894230769231, "speechiness": 0.09705020726610947, "valence": 0.5960747676033765, "tempo": 0.480831340069761}