{"month": "october", "week": "third_week", "acousticness": 0.31131873588947284, "danceability": 0.6228696895424837, "energy": 0.6835893533203725, "instrumentalness": 0.008041759982451402, "liveness": 0.26941481672689727, "speechiness": 0.09974921643300082, "valence": 0.589251789721124, "tempo": 0.48125558585503164}