{"month": "october", "week": "first_week", "acousticness": 0.3070969514288525, "danceability": 0.6173966503267975, "energy": 0.6876349380947508, "instrumentalness": 0.006816970255129589, "liveness": 0.269051142230253, "speechiness": 0.10309677473712592, "valence": 0.5915407295117, "tempo": 0.48501780742281925}