{"month": "october", "week": "fourth_week", "acousticness": 0.30795535908076804, "danceability": 0.6302348272642391, "energy": 0.6840683515808862, "instrumentalness": 0.008059720190527614, "liveness": 0.2701635445091821, "speechiness": 0.0978799156491931, "valence": 0.5975457542777769, "tempo": 0.47953382273877637}