{"month": "october", "acousticness": 0.3081891743731528, "danceability": 0.6229582542694497, "energy": 0.6867025016256111, "instrumentalness": 0.007515654303978262, "liveness": 0.2709010441820574, "speechiness": 0.10005791274928466, "valence": 0.5934644072119644, "tempo": 0.48317690858323303}