{"month": "october", "week": "second_week", "acousticness": 0.30635642418196973, "danceability": 0.6222414215686275, "energy": 0.6911880947508442, "instrumentalness": 0.007212175023623111, "liveness": 0.27488248580278785, "speechiness": 0.09923349454030739, "valence": 0.5960295237204829, "tempo": 0.48644503258574795}