{"month": "september", "acousticness": 0.32240662046668556, "danceability": 0.6162894910773299, "energy": 0.6895508952088821, "instrumentalness": 0.005602913924211906, "liveness": 0.29610871091053587, "speechiness": 0.11573961454221586, "valence": 0.6131576107117946, "tempo": 0.4857384435505247}