{"month": "september", "week": "second_week", "acousticness": 0.3226960585692948, "danceability": 0.6162736928104576, "energy": 0.6897272246665984, "instrumentalness": 0.005349314466342693, "liveness": 0.2986659137842024, "speechiness": 0.1177832636829334, "valence": 0.6140101773693771, "tempo": 0.485954750940856}