{"month": "september", "week": "fourth_week", "acousticness": 0.31845395933590837, "danceability": 0.6150080738177623, "energy": 0.6885711534178801, "instrumentalness": 0.0061180862215728625, "liveness": 0.29209083178960793, "speechiness": 0.11152312340412035, "valence": 0.6080347322174944, "tempo": 0.483392351843286}