{"month": "september", "week": "first_week", "acousticness": 0.32541900870144946, "danceability": 0.6198055555555555, "energy": 0.6921733773321055, "instrumentalness": 0.005660428028257739, "liveness": 0.29719568490793324, "speechiness": 0.11765727509661185, "valence": 0.6181731711009011, "tempo": 0.4861847583861131}