{"month": "september", "week": "third_week", "acousticness": 0.3219045957636132, "danceability": 0.6136968954248366, "energy": 0.6874460673965688, "instrumentalness": 0.005434085567404608, "liveness": 0.2953105317501291, "speechiness": 0.11476498606992003, "valence": 0.6109181892652349, "tempo": 0.4867376362838989}